,0,1,2,3,4,5,6,7
0,0.32008905979159924,0.5654353288874323,0.2721788471258703,0.10664903304350727,0.5946272566762172,0.47688676589987644,0.8559703661487428,0.18654828100835552
1,0.5173365967613491,0.8435161217644219,0.9492999925806173,0.03136128210150707,0.9588560223084983,1.3220429701588426e-10,0.5863895658566617,0.14003098971218597
2,0.2361838382675588,0.026210112838215095,0.2650392192500764,3.0273776817362013e-10,0.23574563676766225,0.11501298712987175,0.007744579308390115,0.08690109608364435
3,0.61011083471959,0.4921453122635353,0.9373675714792357,0.29665563286601115,0.6037939638812995,0.26136377360609203,0.6633414466363543,0.1610086210371878
4,0.5179815691492959,0.39583312427876605,0.005278480978798471,0.6211585159577934,0.9794452434731965,0.6851497784858183,0.19787393139363396,0.7843699500288538
5,0.7899948707714175,0.33909588498205473,0.36928968272580587,0.6004454589381588,0.8605354404803152,0.2485192746954365,0.2660685729005781,0.21956384444811725
6,0.3845460010165061,0.5737928590074689,0.9795111128089409,0.5193861435629006,0.37816387948193725,0.32004877538025306,0.022152403374150236,0.02052372927043972
7,0.06749264342228811,0.5595863635558251,0.4946322491507712,0.17206444117156527,0.2210787690946354,0.3410543506520313,0.567888480702921,1.0316210318189745e-09
8,0.04781437172050185,0.5336206890608945,0.450434181095943,0.11910505634496339,0.4381040679862056,0.011069850214423482,0.07338948967889404,9.48545992171888e-05
9,0.8402368506033189,0.9476534140802064,0.33575627694740284,0.9626035165898601,0.9834684492840511,0.812646083386719,0.6791375745204156,0.9999999999995048
10,0.20812258582806537,0.5809624266705468,0.5302644966658877,0.5121612629734057,0.1849448682032269,0.019245537744001066,0.6399760039429726,0.8990488435427899
11,0.9726786766524782,0.7940906522420005,0.4892777595426386,0.7764242674499654,0.8799001198952514,0.7041795288321607,0.9967169799518978,0.7814012831229735
12,0.7712848714439807,4.428818197834881e-05,0.21795869847396254,0.345684911245756,0.4948266125517711,0.569818796524622,0.0346467075619881,0.011002946242016027
13,0.4305171579545948,0.466550666699907,0.1332152153322415,0.1955890202454299,0.211366389342461,0.38283615538571314,0.15053675068543507,0.4359728605783965
14,0.9995483297924017,0.9192960331288885,0.5797592141940221,0.9677448354870738,0.9986031989490725,0.9551584984750179,0.5210850582624494,0.9999975332918785
15,0.9998513089410841,0.4389931521183139,0.8270196624033297,0.8151890258031982,0.9999757003427192,0.8235618745646641,0.9999133561282976,0.6741292486443929
16,0.01537542113856921,0.2651302321040548,5.72282231691539e-05,0.9631345329988608,0.9017071463975574,0.4239439816149755,1.2784198724207883e-07,0.03704107372748005
17,0.3248872214296036,2.2399095344378995e-06,0.7128346840674671,0.766941668663371,0.760998973253129,0.6747203395998749,0.07639017600334518,0.12678438549893134
18,0.7230751611241604,0.9258754254145489,0.9999924200853536,0.6234840646245131,0.9796957162040669,0.8011444874502361,0.9847522191473398,0.9347252667037621
19,0.5992134687094565,0.5301315165922512,0.4815132785888141,0.01580854935622554,2.0048513399447033e-07,0.008427024975998074,0.6300685883680045,0.46228535793776065
20,0.7117755455083623,0.3820051235284578,0.996668782258032,0.8115888850641727,0.9954635749470635,0.662360202968999,0.9648254355764374,0.9994291746889946
21,0.0014636521040367783,0.33689906975728096,0.7166440867675777,0.6723096415971157,0.3876634637407545,0.7771354679595457,0.41100070082205176,0.554306751177677
22,0.1616641078870271,0.521318517090237,0.3060470808303227,0.16191033347378167,0.07484485910168709,1.5600686788821953e-05,0.43586660434614466,0.9999991607548593
23,1.1763479017358683e-08,0.13897209885661962,0.7005510346053718,0.00019800933792262456,0.3798922380835341,0.2967775486628271,0.1882118299902959,0.007288204378213631
24,0.781171479418312,0.42548455838419397,0.6265414809070095,0.3076602860913769,0.7195004204606441,0.02571671309261255,0.23015918190285964,0.6587436490572371
25,0.01905676350219291,0.20375413299570408,0.22469566560168455,1.1235779762062774e-05,0.5705320849231361,0.9635274439638456,4.622906166185707e-08,0.41347988507397104
26,0.0042210846623444995,0.06477490939793487,0.3195564877090466,0.2841930513293787,0.015322375619646987,0.6044815821050304,0.052749799402053175,0.1262249400377437
27,0.5798558141529119,0.9999998013085933,0.6448283933080581,0.484738307586227,0.7887709707011754,0.7194555403020306,0.9715975971542069,0.8481973734136099
28,0.9943029355706198,0.999964879806325,0.6881501609436609,0.729990969644069,0.7741623578446117,0.1957439898621884,0.6480469042886418,0.5258762728745936
29,0.4152076848631347,0.4653329524034547,0.3612389596089422,0.6329740703322259,0.5369219529178733,0.7221133623849795,0.4601922995372303,0.4346098987746669
30,0.2981969543005959,0.9847950904226649,0.14631634203945434,0.5290652257729014,0.5052148116562428,0.5049742622207927,0.751094476834093,0.7727382264806143
31,0.026394210301087725,0.866078544876952,0.9478243847134525,0.581036065186792,0.5879134466393939,0.9999979764318584,0.6858305761264489,0.673299988944353
32,0.9998307115206029,0.48370266655926397,0.8568922463661459,0.464850466209593,0.464334423112443,0.5963346651788192,0.9876016406640357,0.9283291899889989
33,0.699049034049256,0.9932219016474048,0.9999998960739286,0.7795290726840164,0.919299616913292,0.9999995079051028,0.8754123106053434,0.9999686117742628
34,0.21312770648973045,0.09852662410206885,0.00017494684412105202,0.19065569940868088,0.00016518862223610675,0.0007827965152519585,3.2729519704536274e-05,0.10332746615476483
35,0.9925036055283044,0.45295565234928886,0.798204736706877,0.5395990786211233,0.8992792682373746,0.1877641204999236,0.5164324575005341,0.2214795754154542
36,0.011400595005384697,0.07292220498612337,0.09755983018917792,0.012471958365455716,0.005625635633955132,2.699399431704851e-11,0.10784571367661994,0.7012499071296162
37,0.4413505748503933,0.5724662319758012,0.9956756292553939,0.7760728516698597,0.9951898265844082,0.6693102657357515,0.7653980044900414,0.775066861392807
38,0.7146656306717813,0.5910155527671701,0.34472952203049334,0.3640212619919679,0.2931995974429155,0.616724837097351,0.3674581624124963,0.23436989001431635
39,0.9874581836833378,0.3496182367431844,0.19309244919349305,0.4166300780788866,0.2177025365692442,0.37476428087572533,0.9999989308195351,0.40166943826165563
40,0.03981864271813994,0.32722742886844497,0.1265011911932495,0.22421570956453046,0.9417559295007393,0.07448795699415932,0.7729463850919678,0.00388963453246374
41,0.6331062029560938,0.2754271589674704,0.9089681527235178,2.3690738569287866e-05,0.16681436593028234,0.9372189709811253,0.3148194606880906,0.07363208667008025
42,0.40185155990780286,0.2605886767546892,0.9996983847698427,0.6219577405638579,0.5224063987185172,0.42406622967138663,0.4149260494607328,0.9891356392699605
43,0.9841237340578665,0.024842697492621916,0.7759620943339668,0.45918309211071007,0.4489901887250098,0.43931433180479373,0.8820981934953145,0.1344721275663074
44,0.5666493020305953,0.9697710820065597,0.8974825619605996,0.9999002736874589,0.706078966873328,0.8415212785398622,0.8527082917065272,0.5276557342789364
45,0.5094788439556232,0.6932374231506439,0.5227233834651653,0.0959192669356963,0.7061360835472137,0.02407554627765299,0.5444095347836293,0.4543787901683705
46,0.053495421265477024,1.2413956208560389e-05,0.6222877098661554,0.1578918416716494,0.022148971322592814,0.4005211167359737,0.0962815481141688,2.0627359154362542e-05
47,0.4264967535728256,0.40368769982100683,0.8255354494226252,0.9808896592810425,0.9575141967455258,0.6798093459155002,0.04461622864174381,0.21769809648413396
48,0.7443732077596933,0.5573159429379159,0.5175120218681561,0.4727608100866779,0.2541323195502573,0.029591392596493845,0.03339645667388536,0.23684814003922686
49,0.4996620880632794,0.9139423325610438,0.3257864285777438,0.07775306522977991,0.015873927305576005,0.5344032700783546,0.642084451237881,0.9999466953332028
50,0.0027582633423182197,0.26667473041458023,0.4650027532837962,0.013843698033195842,0.10730119703875617,0.023104610325967785,0.0011958947937831142,0.007629410521960197
51,0.12462666183107764,0.04981562326665866,0.02556757528681972,0.159020098842421,0.03439843349040073,1.7385921776350341e-12,3.0378007919401215e-09,0.058169250195867266
52,0.6967752507683156,0.04729800921381064,0.3517651332383225,0.8807578592081492,0.28250029338082233,0.6951870709080623,0.6648103557080136,0.5218412466495336
53,0.4403687672055936,0.7577896132465614,0.2593898228560858,0.19279340212314272,0.03172746553117497,0.6508283050109875,0.328276314437572,0.5743260925189072
54,0.39010028280163245,0.9999873587018402,0.01705478105530462,0.7138547713469405,0.1141442816669865,0.6449526235510468,0.999555484749379,0.2189018850397807
55,0.5901014267165701,0.0007128842311315875,6.870763841330447e-05,0.4091507937736154,0.11197238239247982,0.9879103078557792,0.4115436698354397,0.06906523967776186
56,0.9752234153959635,0.7194454200363171,0.9903459173910899,0.5239275336664629,0.3400791993496809,0.6161894709588571,0.833294582568276,0.9122793686058552
57,0.881529984756422,0.01338281830825794,0.0013436100662784416,0.58049978330274,0.49635304502598404,0.6699040541169368,0.9997937037804734,0.973651659119587
58,0.40376372762777635,0.6850428998613353,0.5974688310095763,0.5496057739913177,0.2646496349886389,0.18600356898818382,0.7403328441251025,0.7085509005519441
59,0.9525348655098858,0.7946864129785046,0.3344720332663228,0.7636943153329144,0.7385729866794062,0.8079314895046624,0.9197726228013771,0.11404167523677565
60,0.28979940804968796,0.637705091742722,0.18183014539540782,0.04915989142283158,0.01948121589339455,0.5236379231603702,0.23049705632580678,0.5117412124395524
61,0.8537419124370549,0.3322352791249988,0.9998757213492043,0.1927525923377561,0.3882178883449476,0.47192654279581736,0.19524218610358762,0.7132744873559078
62,0.5571755712238243,0.5969882348169285,0.24539076471015872,0.3824134599083466,0.3819178985279955,0.27708405368709155,0.00029660895904245425,0.06974292712809899
63,0.9396084955473986,0.4391694379533835,0.040813658746052674,0.454792744700034,0.5031284040064856,0.39445859180905823,0.4091420159236712,0.9397581937910728
64,0.29075525494231763,6.2408196418018175e-06,9.782052105330698e-05,0.31446933860022264,0.01914023829040081,0.5327759785044053,0.4950398215696295,0.12312679984068936
65,0.40900168804550324,0.8216340424236377,0.39463599872443733,0.9360022338741312,0.8573959830670296,0.9767339999269415,0.5569947370820679,0.9148548356597145
66,0.9832345613547578,0.9999874569610258,0.016462157182131485,0.963389894465134,0.055568169130453676,0.5833604934473364,0.7300180127169318,0.8734807585438338
67,0.9724619903350044,0.09262960724422432,0.14591941538481348,0.34483901373646697,0.6189651190773197,0.8831916656488469,0.41755176477631833,0.4504054436529122
68,0.8069595222915971,0.9999334827451242,0.43492590814652904,0.9032895886973817,0.46285763792100193,0.5185233883685346,0.20814086056400974,0.718231168054282
69,0.40098902795873353,0.7780354510245545,0.4462944331443066,0.7226756710633734,1.0369769555004783e-08,0.6997137180961458,0.12089076676790059,0.7173729964463075
70,0.0011284064468586282,0.06263197689541151,0.1716850227977291,0.44175787891938545,0.068801193366432,0.19083708843852953,0.08926549588969802,0.03387988806235526
71,0.7651837011613432,0.564678281863258,0.5267927992517991,0.05968342795706011,0.8784388258425879,0.8728663045964634,0.5221875748344912,0.8540027405494978
72,0.4170546591929818,0.10662636475380473,0.5097329272202314,0.809409932068096,0.9282297196983569,0.8377476885486447,0.09320220451396916,0.9543017106965626
73,0.9637745291260684,0.6545185492550298,0.999999892881069,0.6032343126619728,0.9999999841810181,0.9779486917193201,0.988289549019671,0.4346329928423246
74,0.6257003208550795,0.6766242451167584,0.9801664590341232,0.793621453963914,0.7671242183361521,0.5561400609872592,0.009965792360862166,0.9712842048703629
75,0.10990684015165092,0.210308448320883,0.0073904984215936225,0.6508003966338425,0.5862577441488657,0.9981795614906638,0.9757765577917517,0.48149502315326226
76,0.9989899576780749,0.9747375417110064,0.9999999999999991,0.9948963257094521,0.5661859582121631,0.9999662428526271,0.9986003432366514,0.8896513752208413
77,0.5359631686665278,0.6728144718654674,0.999057160243644,0.984733888628868,0.5518811207708028,0.9545183826786928,0.9931321068755173,0.4806266241603811
78,0.9999991431290726,0.9262937770617085,0.5988191155237854,0.744780037542188,0.9983487342211588,4.175507066491979e-05,0.6878888146985896,0.9999951602692437
79,0.9989179470013787,0.9768328594291165,0.2858534244556403,0.3019759721041048,0.6952362887331431,0.5148378580121472,0.9200356593004062,0.4628942549013549
80,0.43074105490772496,0.8786753131060172,0.9983882674750335,0.8099761569879065,0.0978876077119712,0.6474583488797293,0.168610036540917,0.9941400528289689
81,0.33670411294306046,0.5338962284426666,0.9497881765096394,0.2899791013843909,0.33859678544083266,0.4763477638560822,0.19900683345234407,0.0016600778012379575
82,0.9999497524836107,0.9376472465925216,0.7727543775667007,0.6421747528020714,0.9052860641835382,0.5580733477899464,0.20886976159679957,0.7815313300855318
83,0.7762041637326321,0.4348209167470579,0.9610118736693392,0.6775091210264049,0.997923309637188,0.6928689083931777,0.7312343689452139,0.2507709261191373
84,0.4329203302651854,0.7367079888146402,0.5291514239711982,0.9427132418648149,0.028543950130316593,0.5337216899450127,0.6915390039553315,0.5261058243952531
85,0.4031806147862496,0.7949892965737763,0.28250960200281655,0.9916187056892566,0.024311881332276044,0.3782930387380559,0.3153546279597854,0.8541602603683833
86,0.00128856392385969,0.6966913193890201,0.7145864589515842,0.9941885469710326,0.43074660791713637,0.24044899181982848,0.9804027419954625,0.8360985843284655
87,0.951542759479532,0.0016864973039373782,0.9984096662353089,0.9999886024908989,0.5930145265076966,0.06880480069993053,0.42308049573890916,0.5203095253069968
88,0.2995625280293949,0.2869708689922629,0.9999985858676657,0.12101005383030082,0.037036876007599404,0.9562750350569028,0.07622220964827896,0.7400494017173043
89,0.5798072423013315,0.8980919686725121,0.19051893362931493,0.9981392330865556,0.46926135440354594,0.7265570967676315,0.8804824006298191,0.9988933869735598
90,0.17296766935913319,0.25877015067468007,0.5630606687445437,0.8905481127548227,0.5632498159164901,0.6086176257166811,0.12079070105757553,0.5874308711731456
91,0.08232887013297428,0.09663760445373427,0.2836407367562989,0.11848554287390203,8.338063053562956e-05,0.2596834588693861,0.26191709459045975,0.051556503077993414
92,0.27568898932216473,0.35809139269041096,0.13971023842253966,0.23597577563948294,0.05677832719977547,0.10851321602607084,0.26990943438022036,0.02359686226123806
93,0.9743213765160639,0.993802525096635,0.7665493285729301,0.9999993195196285,0.9669459250494761,0.9085463044720694,0.7066003761989351,0.6792538913541247
94,0.09782553316792715,0.39219640818532353,0.057734889909873244,0.02761738104719436,0.109187811478599,2.6156791561275797e-07,0.30126852831255824,0.2031171312468654
95,0.00016668693374201688,0.20617309907340708,0.00010072536369614814,8.743359037092572e-06,0.11415035635626519,0.9926128799892896,0.1874637224652871,0.010537009848381438
96,0.14116330337103886,0.4518563628195659,0.47978975205910923,0.24782272658100088,0.6776046421888154,0.0004144339949742193,0.0014861780980040202,0.9455020392989436
97,0.8729044025213403,0.9999999999999973,0.9997786369205774,0.5757219413286069,0.9999999659491852,0.9040414051996766,0.944955106365073,0.9999695854872603
98,0.16593573512845386,0.5820395970193712,0.5602395140914973,0.8304588845647783,0.8419484917706013,0.3144443795552725,0.6636320946027119,0.999257194433286
99,0.00014557291685353898,0.04178981502083882,0.5603400520437577,0.36278097152229494,0.5649928879844084,0.4412116816036664,0.3808871086302039,0.3574368591048985
100,0.964181045365748,0.9222195847677325,0.12769991576132544,0.5313041995384596,0.9983526902953648,0.9624127772437887,0.7245094779141622,0.6603405680439334
101,0.08168884095402566,0.05495256304723473,0.027096624624133155,0.07333459282239119,0.0018072925068476418,0.0010920079274783303,4.679004324599455e-05,0.15453082481817468
102,0.5579997278376091,0.3894098706684015,0.21958218308517047,0.46398559692244923,0.12770095553839897,0.5583638301223821,0.9979417908276274,0.8363141297845105
103,0.9865603019719804,0.8628844652492308,0.9999958568029913,0.8104317078521861,0.9998870961674078,0.6266976094724108,0.5179296132852862,0.9424837939162618
104,5.77285133015113e-06,0.4160505108804977,0.3106599518931512,0.17937391075015124,0.4690462268260725,0.3598404819945749,0.8729728287347152,0.051831279792975256
105,0.9944755374195581,0.5202105532378966,0.9961835648450578,0.9999999511282258,0.3769162523413593,0.9548594934423795,0.4425413876259871,0.7901363685007107
106,0.4620504088414307,0.018564652339564197,0.6569674987156499,0.18346776888373784,0.027616877907192732,0.2997378631546979,0.027116385690052924,0.38399400543209417
107,0.05595626969254935,0.7567688459218285,0.7209047596355173,0.4807602678021126,0.9873357976699627,0.9999955457064953,0.3076495904111046,0.4107451978190519
108,0.06385914606734203,0.6184536642114594,0.6441274794049241,0.630465147805173,0.32785674801624365,0.9466269024547181,0.9359657863282775,0.5749594286793094
109,0.9298331361266612,0.9965610247820105,0.6145737384769107,0.9999999676816117,0.82257482231857,0.7577722319162338,0.9700797244069974,0.9989811731905314
110,0.8030890427644164,0.20911929900483914,0.34180397693137204,0.74342773258897,0.38859695852537507,0.10388757264627789,4.0384570636753373e-07,0.9208012246441377
111,0.008750072227253533,0.9246914581189941,0.23289560749800256,0.03179831745616933,0.2190361454849378,0.6722964546289444,0.19166290487608106,0.4904266664525948
112,0.008641893720197151,1.6052463127153094e-05,0.006326595904911616,0.007560744015711433,0.052067256959913585,0.1242641147708489,0.9040586594753314,0.0014833907698659605
113,0.24566870393133386,0.6226255680752958,0.2377163579169387,0.6459066750102525,0.9102518214879872,0.601170993507433,0.17497007784264412,0.0008263318354519729
114,0.6359631621866628,0.6406233304551432,0.9709986252306794,0.2860983312853096,0.7201801327822187,0.7484203663849848,0.8833840723487888,0.9999999999999882
115,0.7635309171042313,0.6600046643490081,0.9910248470952374,0.8865269548627177,0.6473195651117729,0.953177772074798,1.0,0.5073907653720522
116,0.9954180079112716,0.9765717779751797,0.5026546086100191,0.6431211573406646,0.6859931545973065,0.7034534986868656,0.8888190651999892,0.7701102823164476
117,0.0009147027901516388,0.34490958073364436,0.4830329929768345,0.3755937705427567,0.29759131925382915,0.348899220863327,0.6530248546825886,0.5953336680096962
118,0.7938414476683253,0.6906969265505895,0.7098810894475174,0.6904243929769494,0.9980880035895905,0.9132688900291589,0.5977777993729911,0.9838410395685674
119,0.00010881300709242466,0.4498207297260534,0.014997525959401585,0.45496802876780906,0.3221769625045423,0.06312339414514866,3.322398873735912e-08,0.029181273860750145
120,0.760733367151675,0.4594069302966299,0.22083770531524224,0.1906338845360865,0.46362545535164723,0.9999564780909622,0.4659823794688623,0.7818398128699521
121,0.011782506653133315,0.0008615149458106471,0.023370863426329633,0.2001204495141385,0.0009532659220202105,0.6357996706880904,0.10960456687966573,0.013522923618189643
122,0.3822340372707142,0.6212996661366199,0.9987259843339333,0.18127501147740907,0.6685955369450789,0.9323266742822522,0.4820883299312043,0.0037343925825357787
123,0.5614289827447319,0.9416176419554416,0.7423997738421891,0.7485189966149068,0.9692929377539431,0.9991029219008071,0.9942952169259145,0.9999937139277372
124,9.697053639205716e-07,0.22384663853978493,0.06801502207519437,0.24274705848423989,0.0006654701088817717,0.23159293295079733,0.24955290044289136,0.27022846036849246
125,0.7842073922327947,0.9992574743639159,0.9999999878339491,0.999487026739508,0.9553004755840904,0.9999998516958231,0.9425727150740272,0.9635513569030046
126,1.0,0.6763307962022006,0.5499797505031526,0.9600936647469045,0.9770528390264758,0.6573421671593384,0.481642697194535,0.959106307328674
127,0.5317077700691171,0.9165690831913469,0.2628040583600193,0.5587805302772357,0.6264826856004907,0.8474790182748184,0.8657599556291494,0.9571570099484857
128,0.1333026036637541,0.40016146196935054,0.07999078477315641,0.2739638117531312,0.0564582277947772,0.001049782449014168,0.022286937347248455,0.09493001317464078
129,0.7040758844479241,0.6397716747403803,0.6793151421239998,0.8617417806283115,0.5284623192345917,0.6984780257391562,0.8004764353739892,0.5956343556691793
130,0.29515319027350145,0.021552452543201053,0.3065017500430794,0.05809840002950066,0.9658909488098162,0.41176220851639667,0.002949903753182543,0.35652061501988397
131,0.3513361476003823,0.5068850338609824,1.0,0.5437626455383878,0.9999520310882448,0.5902013491627287,0.6496092328050713,0.9901107475065113
132,0.8181273304738346,0.7366163636055031,0.9665927892441447,0.4518823028129336,0.9121664376118496,0.8479181561074846,0.007914835185620268,0.6974371337275294
133,0.5202407336498801,0.0018437035751718027,0.4621484487143838,0.8199130914624305,0.20064837253712128,0.02346465234877297,0.08987238135157127,0.6095608589930569
134,0.9996690932242852,0.9992382842052606,0.7918541913671457,0.509283022699676,0.8946990623436726,0.8784404432592915,0.6003772129219458,0.9958143403921612
135,0.8393537729326593,0.9999999999989582,0.9705632384339637,0.9334152443905286,0.7321688388312617,0.9221914512176048,0.967058259372274,0.9989894995278547
136,0.0010922625044116959,0.5689283983879502,0.7621722334130726,0.9031034222123168,0.0013406442015975167,0.6972272853318703,0.6552232481140534,0.8630103225125043
137,0.33861240620095706,0.36026851858359366,0.6916546795754464,0.430763620111277,0.7521712188313935,0.6083080779187628,0.9999514487014082,0.7667815692958206
138,0.004183456535202745,0.9913581527863061,0.2029024800784978,0.28398674378336086,0.5578527554750284,0.520208156159014,0.41927933515073007,0.6792409592363677
139,0.551169888148694,0.5927392821417905,0.02320701020522123,0.21912420073657127,0.22404010144893452,0.23296899608682983,0.958739018796311,0.005471262321618262
140,0.005504136673356104,0.33055115080193354,0.1556504702907441,0.2843850891842108,0.0971189796548477,0.08182703444797303,0.731228997882217,0.05052995358128541
141,0.3629699185217155,0.32409746245047516,2.0722958015474113e-05,0.09459479249609092,0.005347658710967514,0.01622685255770922,0.18207280193216985,0.35206606745690605
142,0.27436883178996574,0.8353740599892998,0.08410664653467614,0.7411797104800975,0.6328284940624777,0.27034748551870236,0.9962577698733931,0.6055488908377887
143,0.8797237129145146,0.07899416653026067,0.6366378053856486,0.11786552943441327,2.467198200280869e-07,0.5523356086236983,0.35938383874270324,0.5316705471163324
144,0.4557278121722346,0.10243134151360551,0.237950178642031,0.028988494832923484,0.8096753411218564,0.9430587668536498,0.48117110175720296,0.7222277198562771
145,0.6965171822119515,0.7064587321596554,0.007894032532424808,0.3863144149620309,0.9550527693532141,0.29195249488861647,0.4349846905534361,0.46045339645574224
146,0.4418034496796891,0.9336546089041491,0.9467956898711546,0.3256082985128724,0.4338720916444628,0.99652479581218,0.9923843713238532,0.8559900502834256
147,0.5734845016881628,0.2512963109313455,0.7860511770898735,0.645601610853943,0.09474630444742527,0.25903440170956543,0.6353702307688276,0.12121924296996535
148,0.06842679137541097,0.956180902319302,0.841840088258504,0.8787375332786711,0.6499759695309744,0.6777677137230382,0.8841846775485206,0.9998365824314638
149,0.9980803363236355,0.763060513643083,0.7047711722150868,0.9696195738934735,0.3464907417189287,0.8304476213398441,0.9561312382970047,0.7766515261897073
150,0.6781318938344246,0.4802059500586667,0.9093514122472425,0.7957540660879475,0.40081471808540703,0.9999965770355729,0.6179164571452281,0.289256604305408
151,0.9843411874081806,0.41698752374064496,0.892766195828407,0.9173118984999635,0.9906872598440806,0.49079213854865034,0.4675203642334782,0.995993065953681
152,0.9681489060783633,0.8862894263064449,0.9999720167104426,1.0,0.9999995403407788,0.9999528993287554,0.929573920253269,0.9999998892705872
153,7.174735778691474e-05,0.20011575351895644,0.23578596399319007,0.03620713118949856,0.008153998318904045,0.007553848967819254,0.329199729364487,4.043825607594839e-08
154,0.8637176245679393,0.8851081264447187,0.9990986282903846,0.28704718576398586,0.9926051000348622,0.32350475757093766,0.9999967061638942,0.2371932762253273
155,0.8947711860219747,0.9160873850458409,0.7755034862931911,0.605057433026205,0.16463458770471778,0.5799413233874465,0.8337487459350303,0.7583518390556893
156,0.4787510744254364,0.6346664807891352,0.8168683505394783,0.4086054705285406,0.44456395588652386,0.9999358371571146,0.3001521431193344,0.9392157953805093
157,5.462265511028677e-05,0.03245586725096023,0.07429637145126648,2.4640615104185624e-16,0.02025869895951636,0.001406161338540963,0.2969439409607849,0.0005680919464674727
158,0.9190132146954239,0.5919709427213348,0.688015050265084,0.4013646513412789,0.10036750823370293,0.9905379185460368,0.4388504746001762,0.7174939279270337
159,0.022475732373725497,0.7468068663112472,0.3626873208904887,0.6151815649890534,0.2273550080095696,0.9451413836275622,0.6551129650828134,0.602001604040902
160,0.7312770554178005,0.9999980805902717,0.9930784131911129,0.7206530418346312,0.9919502886449666,0.999131176150401,0.9994277582701616,0.9998382711268323
161,6.0812388060602525e-12,0.49710801446975034,0.8418828663313402,0.5876310396421912,0.2797318871585625,0.30975685474383857,0.4406152281240802,0.9999667972859712
162,0.9997799704951124,0.9726158693544069,0.9651696481342428,0.6459841676207626,0.6990528376673978,0.32796279967359854,0.9119961910453066,0.4189700301929893
163,0.8817989191474163,0.9240470107779356,0.9965205575528289,0.8294676241265655,0.9811264515562681,0.9491013037852166,0.890723834185546,0.9999998564328367
164,0.6019601999140176,0.34670285544061596,0.9693099626258098,0.49778538746483664,0.7593926762621602,0.06106075391083406,0.006824384762658894,0.8202912410721067
165,0.3176870830812524,0.16912032028427967,0.004040382166756581,0.4850213998161635,1.0,0.4126656851958644,0.0036886364419738173,0.9859557210273223
166,3.12885097036809e-08,0.002029582031629737,1.3126843147084522e-05,0.11179558188103038,7.784265560745182e-07,0.01884277649444222,2.024383079424432e-05,0.0882714954296654
167,0.6202856539716354,0.8724024783198467,0.5808574565614711,0.976647149940403,0.5654183421868628,0.5152278236731382,0.49393919648627344,0.5089740630953139
168,0.9705589570242207,0.9591407284218211,0.9999987326540395,0.9115876927610397,0.9999996417918582,0.921318322089312,0.999862993075737,0.9904662766175477
169,0.6656248489127093,0.5495122480535716,0.5880895157530732,0.2645722930694341,0.46890092770850406,0.8465702397515253,5.778699935907448e-07,0.9999252471041479
170,0.5334716746430267,0.6808612031623105,0.185218649702842,0.48624415374894453,0.5253117808061224,0.5617061653520188,0.02738342323403881,0.9947974893039342
171,0.3606581991306301,0.5847823643586072,0.4738570239413079,0.34078718304995675,0.3556629717812912,0.8499475012171823,0.6204410145502667,0.3281592390358307
172,0.8864013678814177,0.58573969231696,0.29873233564320006,0.9528761904867291,0.5053548271165825,0.5077811218205613,0.9539570467011214,0.9984525293529968
173,0.8375213408688542,0.12807653906999622,0.2686686870465134,0.8249166035281204,0.5668246552576746,0.28629570304833757,0.4531341046609065,0.47345018889813967
174,0.9264822562455379,0.641423510774251,0.978299032454882,0.8070433837435274,0.8084234741728477,0.007508648575243045,0.7635609866269658,0.8833680515906042
175,0.3193388438093271,0.5951650845183725,0.9495706584633141,0.48183619378635584,0.4063551753345611,0.5844086176184773,0.45646415390062545,0.555821039468491
176,0.5914321581797526,0.3820314426683635,0.7818102415823337,0.7090113831139694,0.3126811163676427,0.5646740330203583,0.7308504415056376,0.4999677230551681
177,0.9697105356136474,0.38377633951657075,0.501624093503732,0.557675006616936,0.813542563963612,0.4761880204286273,0.843757714021228,0.7119585412323011
178,0.0739556170918173,0.9999993091907324,0.9999687786946768,0.8119572360851149,0.9430857108940796,0.9999999996225357,0.9010792823085968,0.891709559918237
179,0.35799514684143274,0.5531481035999282,0.821622061376023,0.6518749372305022,0.9999999999871048,0.9602733183181543,0.9999994475279504,0.8925447978892963
180,0.70270714863963,0.9805190173380549,0.7258891214603533,0.7743396444861562,0.8589819966287487,0.978051150549627,0.4856292667661178,0.8075823277663742
181,0.23978167526923092,0.5197560251071075,0.2318909913975536,0.9985392503033232,0.44289915756391274,0.9999384345112685,0.3453912806101729,0.9970913525305446
182,0.3353033048593196,0.7206074305005985,0.960993346700883,0.7513307104712483,0.34207908835620077,0.3507751951322923,0.6873611150279699,0.859738946521646
183,0.612748798549551,0.5257721630827765,0.042177582041341165,0.6674163189470877,0.3868568658465373,0.17480911514210193,0.9996298089819174,0.34307303229114305
184,0.9500002545142873,0.9872464192847618,0.0004399722591405089,0.6517795912200874,0.9999999939169877,0.6880330963196406,0.7946341310342468,0.8568040549360938
185,0.8035861956075346,0.8563844206945667,0.9968641016043003,0.5265020381168651,0.9754382032720247,0.30358212112007094,0.990266338975257,0.6838197690449483
186,0.9878654459550962,0.1633151617194487,0.0827789600208364,0.9657227588658646,0.43813324533983805,0.4668231015168487,0.5990331732616423,0.32099647243258306
187,0.24666713594668063,0.3643458385675287,0.9994204358920322,0.8548818964119406,0.5957159122602358,0.9994592432281616,0.9999994169727577,0.7894952863667691
188,0.998810935083803,0.9533484412652634,0.9989172067294627,0.9999999999391287,0.9974351123123882,0.9162959258107017,0.999999999735091,0.8104028379252987
189,0.5186018007321074,0.9119045214724805,0.4953764469568154,0.7664048490496613,0.04861240247461555,0.5302096268669231,0.9999189369760323,0.9945437556436773
190,0.6443399353517679,0.969923097288978,0.6677715300908833,0.6746235886440196,0.9566170585094499,0.9443192627943983,0.3652680644825892,0.26504873983179705
191,0.36364278125451927,0.1316894589533129,0.4454185917846115,0.001092834503372601,0.0944518593098036,0.26369713554228363,0.527661865142573,0.3667329822923986
192,0.6775016983243322,0.6903693575657697,0.12219374603314367,0.9085778535165232,0.9281518694569216,0.5688454157503915,0.8506692569582426,0.43150252621247587
193,0.26070661263579353,0.01335227286499515,0.844263806352573,0.4858100655402407,0.012393815106921962,0.19319609082820752,0.05199874509253609,0.4561302457434782
194,0.8275290298374393,0.6547558613563706,0.5498021678373735,0.8765401775369569,0.7183501740541014,0.7058403597953776,0.043587631461136554,0.9999999999980682
195,0.20683657747724743,0.7376338772088747,0.5294120245052286,0.4696274344412557,0.9998299612296546,0.5822808184059225,0.999806950547599,0.3936177393079302
196,0.989308125032156,0.7700773649320078,0.6865959703293053,0.7051905251750077,0.7599134754252814,0.49668087871671696,0.997613758880859,0.907762869143126
197,0.3794344876299059,0.5520380051317111,0.694128658237213,0.4289685379105391,0.9992120135949127,0.43140465806437855,1.1634943066176808e-08,0.6838357471822911
198,0.9999476236595349,0.6815588551625533,0.8937290357378831,0.06020421179410805,0.005153124506808969,0.720390340050608,0.8947683420326563,0.9502631352360789
199,0.27625334039790966,0.8351504515945023,0.8677053427129757,0.5243333796621098,0.9999992814387245,0.9114769392927773,0.2420441030596145,0.41052145618236513
200,0.9479062853650061,0.6545393047521432,0.5341794848542547,0.5932419945669524,0.7358253483691441,0.8562723200062444,0.2692087837057804,0.25685978940138066
201,0.5478870804391944,0.48909040459644204,0.1348528810232148,0.7898602745584767,0.8578950980741944,0.9802750873396266,0.0009569007980772333,0.6664684454014741
202,0.9247032436315888,0.6510921232538205,0.095286318056315,0.4858968132129255,0.9983480144791442,0.9476642436229199,0.7326110453351782,0.9407794573660128
203,0.7434109462340658,0.28744588418153555,0.7465894276164218,0.02284235767679095,0.08536766861204562,0.3965236980963616,0.25691752254221817,0.08277747684623778
204,0.07846664107883368,4.598675185099787e-08,4.322744691476244e-05,0.08264567863619628,0.03563075768528546,0.003976933768625669,0.22694289064822865,0.00043369278646701733
205,0.5665251775612101,1.9530181649015273e-11,0.6266879025621875,0.23345728866253065,0.1990719172430614,0.1345932915186828,0.20358066548038675,0.2720063810342468
206,0.9828203025595175,0.40092935834447746,0.9984248127571029,0.6502441213406466,0.3237475027058404,4.7569233084257303e-07,0.9997988999095369,0.6283767732337918
207,0.9877947327935361,0.49434190400400574,0.47508847429362056,0.590744364482705,0.6275871203950435,0.6911810104350388,0.5021709302902311,0.15243965535155563
208,0.9999111610833572,0.8708125401442175,0.9937944475806123,0.9999603197327608,0.9999995323735735,0.9999999999996199,0.9994320622653942,0.9079852652819205
209,0.0063732294403786765,0.377720172753452,0.09107446748554553,0.5273358429481614,0.12567292113021233,0.7504225763198782,0.003868811080601662,0.6853789980149567
210,0.5656970757811036,0.011323020679096829,0.49305333934380763,0.20430136657619472,0.43035735471063,0.17478260013886018,0.015408018124460703,0.9107149753075079
211,0.38163103034405593,0.8324435263092856,0.9986300187971465,0.46250679952409685,0.3749200441614979,0.3295606836196616,0.9997900114629438,0.9994269855398417
212,0.2533910639884547,0.3886756507075853,0.20012867341763388,0.882543532146774,0.23477248293316025,0.18421869704876742,0.3093512759889869,0.08577053148908911
213,0.9532864725946846,0.6972329421594198,0.9467322417618558,0.2432286819786239,0.7806990408350922,0.574348899494444,0.5094571295459883,0.1948399893613793
214,0.13696180212752807,0.5741357368879956,0.9997867810827257,0.4368673431641421,0.39597220344489603,0.545267237077244,0.9969550253197438,0.48811912883941444
215,0.8774348979514671,0.6023103900469436,0.4047778553348399,0.9267532487018418,0.9999999999997378,0.552002095932673,0.8911992084718581,1.0
216,0.1471365522677824,0.32420085791921344,0.012736941579582495,0.0017242349454716622,0.5203020053076968,0.016936635079107604,0.002153342041169819,0.03962367354850171
217,0.9996656800074666,0.8912588298097454,0.6837471177127133,0.6418550713232173,0.954526109977895,0.999999244372681,0.6397737085212776,0.748933571527884
218,0.9999842175647695,0.49990417816402055,0.8590426416025656,0.9574016707300882,0.9947568630863206,0.6074474227682525,0.23632882086099216,0.8595215569549862
219,0.22213125664814337,0.16053950973152523,0.10784783967499874,0.2797566772500377,0.1806192367638184,0.2776114493721435,0.36391443882691993,0.000577247838360708
220,0.9989970373459716,0.9788374575730758,0.9537452869749522,0.3414295913400362,0.7028570771972128,0.23183118769379124,0.977683678751775,0.7838477354122577
221,0.8230385599264728,0.9908261904890814,0.6681979948797246,0.999999212204209,0.8664828721582285,0.9688318695856462,0.5439396535764118,0.1690259871417893
222,0.48676094352540866,0.4479776230443445,0.45810281973135464,0.5153558449836274,0.8523767036658062,0.4328909004297435,1.476416549631276e-06,0.1732246573102352
223,0.6526175306736092,0.47980607015756416,0.9814819667735154,0.014280082166608333,0.9890245196307471,0.6265323083740912,0.9986766496204259,0.3578996736473311
224,0.8888365513476748,0.9045826885205349,0.38748343058905493,0.7303698286762622,0.4735414273774678,0.9649130093285601,0.8760396628417136,0.9999999971283506
225,1.353883505653691e-06,0.08867539240663933,0.34661817025246916,0.31343350115784707,0.10799601748907159,0.6019542643685,0.007859594480242482,0.016175808455503052
226,0.2163568784504053,0.19587231019084142,0.49520100761338054,0.522375568102057,0.022277549075903205,0.2847085442550292,0.09660656547951095,0.5765344521831299
227,0.09637756524246063,0.4297076460934073,0.019905035139643604,3.8748119352555394e-07,0.259095746348499,0.5495657201347031,0.03434476006377668,0.056641295765966014
228,0.03743404814496515,0.0063060297799745185,0.4676614680813051,0.4473764465497136,0.0003549895769191233,0.024806462631174243,0.0025631602087559735,0.030770004673765908
229,0.004038244986253596,0.0005619407311333953,2.493481169018999e-18,0.01539959534758405,0.0006526438807975371,3.6274740328548546e-07,0.03435630208374123,0.1146485996069213
230,0.6091377936686508,0.38456757001239483,0.8724631742200898,0.5811194963882998,0.320036498535423,0.8305837206360623,0.999288136117864,0.4557622286090603
231,0.30533733603176366,0.23689123863452635,0.27192617519020196,0.7260624401930758,0.009111843499866415,0.5222988983974196,3.7049316005653345e-15,0.001126958510809433
232,0.5716082760635922,0.6310068602525858,0.9989947907265312,0.14342536186862997,0.1076903235133967,0.49400593114389374,0.4144891543304313,0.7333380930398952
233,0.6838823484510133,0.9968362439324894,0.8758365079771497,0.6637681760350076,0.9954904446952937,0.6416244757519083,0.9999999999998199,0.23385631120633738
234,0.7915095512635388,0.6419978653769095,1.0,0.9968640623541898,0.8577490883555547,0.9364326306466777,0.4876727652510969,0.5241916111131497
235,0.6213047215459668,2.871801745279929e-08,0.42965548798121084,0.16115044218485883,0.0011127350215919185,0.8646334837410418,0.015885886168904836,0.04209276684109021
236,0.9703294960724982,0.9023036942635657,0.7130596805654937,0.8442653690076131,0.6477928879607734,0.7226333716682373,0.7554344355209939,0.523582877493741
237,0.5787355223712526,0.5045411540740594,0.024623084836485398,0.9999993433377437,0.3207922390028702,0.1558169822171941,0.4020047817084858,0.7085940722314901
238,0.08302439742274682,0.5238795796830024,0.61394490968978,0.9768831611779227,0.6732397351701512,0.30515072854919945,0.0065360929259963675,0.9998734617445707
239,0.9857074467746567,0.9589836541237098,0.9871345436799308,0.9999806812127268,0.09031675919328623,0.9999999720307239,0.8306208643303532,0.8427920857595058
240,0.8967095304160668,0.5681847224049829,0.3279329685112367,0.8365102375768716,0.5720519677204876,0.470228853191202,0.9950717047773591,0.9641441500154877
241,0.6705606967315915,0.4973148945240102,0.9930453495349509,0.9685926166010274,0.5217269575694355,0.06962739192773554,0.9592685518681207,0.696879197297708
242,0.29912544111056416,0.7208614403337357,0.16358849952267113,0.9224656007434237,0.6904471812965993,0.2521797167680662,0.5253607099638629,0.39056761479711694
243,0.6584531082724095,0.49498885828791955,0.6126339541088266,0.00025594186858281964,0.5541939543323882,0.9330631850973565,0.6462646377205175,0.08380556018491284
244,0.9020898688414193,0.6478605923521068,0.9917982511919307,0.6707267038496896,0.7093372339497391,0.30521166833384167,0.7566840345449548,0.4598939354525414
245,0.10594391471428309,0.04242501697273416,3.307974422103101e-08,0.4431032279675264,0.6136942198617577,0.651225434725172,0.04043261907777243,0.13062688071984163
246,0.9796155581181205,0.5344699191211055,0.7959475824661885,0.2716509474788934,0.5973159864415639,0.620872851271352,0.0006366488866586679,0.2838937663766362
247,0.41941623268596834,0.000619387350237001,0.2528860043002478,0.643131181776835,0.12182700514471267,0.14408932430107238,0.9988694637168881,6.1236328874005234e-09
248,0.026109121705981307,0.021176655510206924,0.4886905668367184,0.3593124489352907,0.09637366925950454,0.3443207056933945,0.00853427318713075,0.5392264385315245
249,0.06907622023305453,0.04014066838566848,0.9495569006268889,0.06692084383244858,0.5414766900087109,0.05090943723397736,0.7653317446942398,0.46262759420754246
250,0.5684774629724831,0.35676622348270787,0.3908325227249201,0.44967243737889856,0.6212547514285076,0.41236467156496165,0.08966107467405338,0.3247621318208682
251,0.002534663921184718,0.3489072856265234,0.054160941851501054,0.1089218859176395,0.0015310972875751136,0.020272665136391983,0.5120846433182802,0.00018512839474317059
252,0.9977061292208541,0.010847211847782324,0.21420301070445177,0.5681911267928283,1.1794728508339302e-12,0.011338580741765343,0.74835057033667,0.002413275384761635
253,0.6491481128418772,0.8556405586177795,0.9999999996621163,0.8266263290348955,0.6977395142429237,0.5740521802887476,0.38280070165415087,0.9998161380074846
254,0.40677633505557803,0.3498655375700306,0.2264637517140289,0.2718964153133201,0.30663658316647735,0.4230098975789971,1.1740997461173675e-09,0.38990387681399064
255,0.7373984118141835,0.9058377519030677,0.4819953089080831,0.609109061484139,0.857567684915989,0.705065398930023,0.9614255683413493,0.32900173342495076
256,0.6730493524792799,4.8058057688508715e-18,0.5630298970097306,7.218429207246293e-11,0.26601238854803005,0.3445240428643075,0.07320186818915196,0.15395089918168953
257,0.47332571332870466,0.5670287253432329,0.9989552408894072,0.6171478513957322,0.985186147132342,0.9281920800829605,0.6566525509075815,0.5578980128119669
258,0.6222356710810011,0.11512765174063759,0.993721829029566,0.7514405482377137,0.7315672274492862,0.9998927854229384,0.9937138415330837,0.9951072158615392
259,0.7716899626158735,0.792665883627321,0.9920292900269558,0.4961080525573488,0.2291136461288164,0.8074482933834616,0.9999927024284498,0.6003368655335533
260,0.47371324602042814,0.9938758293395016,0.139086988858378,0.31171806217378545,0.010025424492496661,0.05084476384260475,0.235919525796743,0.032885330005731524
261,0.7996628680944666,0.30434132474237624,0.5458114430710028,0.6735789303132932,0.7208244148198147,0.3041049680460007,0.0855774850706813,0.8990434806354448
262,0.0013941089407108174,0.38320581906061646,0.0026414678642265443,0.31350673799060685,0.8739511190005415,0.9347856290671722,0.9998949747175357,0.32803804901872186
263,0.20921028711182232,0.6450668090221164,0.9865915667457931,0.9999987848789645,0.938959943189738,0.8521398062513105,0.7689054684941274,0.9851275823440584
264,0.6683245468686685,0.555892721873658,0.9159076181436835,0.6352618881740698,0.3694297642170964,0.5338279759778468,0.9144665921077826,0.5574012450312192
265,0.4821573455555997,0.8883512773772569,0.9505210171025766,0.7990318082135516,0.9919684657835877,0.5206372810848107,1.8099660592217886e-06,0.9910055529511315
266,0.5638223681037641,0.6758867441571154,0.6819678130517691,0.8176532735358369,0.9310899019291928,0.9189947696146691,0.6691831481336807,0.8672284304047819
267,0.310181131817487,0.43467206882640474,0.9034230154518763,0.8976758528427553,0.9673625359349044,0.9999630669157722,0.9971902126487466,0.2939676187551086
268,0.6525181135008167,0.5492418478214787,0.632913425664787,0.9992217276539934,0.03753808444783318,0.9949962064713197,0.9974508970926029,0.9174602118060181
269,0.5931527895493476,0.45952429660089444,0.5556015581541391,0.059346790205385226,0.9999890692233243,0.8459993269941278,0.7964557876593477,0.44530610315900726
270,0.3830590837584652,0.8744222193587626,0.6832036407111435,0.3185772763657062,0.8735647317818452,0.0869665454240508,0.31282105895537166,0.05270170902799591
271,0.2591001730020783,0.78477630479003,0.9064006846051507,0.7889800894905605,0.39186264304580765,0.28186422484670903,0.44825046663921597,0.43100210668695726
272,0.14756380526859866,0.7474016517832215,0.6631637807346237,0.5858542062038227,0.005403701291048821,0.19438614606948437,0.9455943341974045,0.5085750057632137
273,0.9999747207817646,0.2223730269533477,0.9981139946622929,0.9934952399806035,0.6101970709631725,0.9999785461876834,0.853244070541376,0.8454881938595669
274,0.9293113150758452,0.2008224439604381,0.7635613758423564,0.20312877765777235,0.5277450943360372,0.5212662060731783,0.3315456167303673,0.5825763832343102
275,0.020569460976818714,0.03659870247650426,0.12056178000246157,0.38242264714589996,0.9993903140500838,0.043149501300805644,5.5397204495687225e-11,0.09481588323922255
276,0.9999998784453038,0.9906153998856483,0.8854840251098874,0.9999997972167964,0.9780688461404224,0.995886387814511,0.9952040098561871,0.9999729030034457
277,0.9032106774222837,0.9985573829571769,0.9999999999640778,0.9999926798268106,0.9143841800768969,0.9775612609806171,0.9039881206167599,0.9998666519338442
278,1.0,0.9642711148247322,0.9999590183795575,0.9999987311124989,0.999999995999507,0.9213122884798048,0.9886348920796063,0.9978340792529693
279,0.9565009319489887,0.5797903085313287,0.6892321565093477,0.09517696199367848,0.9503607633126933,0.36064398541476467,0.7994200588899579,0.007452005833952861
280,1.0312765438834367e-08,0.5387438068257672,0.0020121110135896776,0.9555909747118073,0.0011416401724998805,0.257101908493562,0.23811917197947655,0.46048365174719974
281,0.9999546244532745,0.9643425273502062,0.9934218804099545,0.9170310918330152,0.99996982844813,1.0,1.0,0.669575738128709
282,0.9424135889474852,0.5006030109245423,0.9110310264209107,0.06285109925224389,0.9945614065792149,0.5312543831733887,0.8434320980278657,0.9996942601787443
283,0.8056329625390155,0.8450427212216521,0.9485689324379544,0.9999999908896023,0.9702970732589037,0.997919654124955,0.9954960212314635,0.33322405318529064
284,0.06855252146748486,5.19185165620316e-12,0.15950919286555093,0.26103590984688013,0.2843251098906167,0.27081067258527214,0.0019656834155596095,2.8820516480706876e-17
285,0.44078827964803,0.0026712002252079355,0.13338484608938558,0.22631259044013477,0.22476807743381305,0.30246066879393985,0.19591876380135603,4.848264329282931e-06
286,0.3695961238276526,0.46109023249251896,0.2456216752105905,0.2982265703930605,0.625679603359583,0.5907077012724726,0.11130075134660511,0.44202358952548876
287,0.3208919407837685,0.42356560057979137,0.6398590441724387,0.243857874919212,0.01341055151748429,0.36213224539206396,0.39430888820838905,0.35126556063187797
288,0.6105842909720601,0.2175300498760448,0.15933048759727989,0.2503457411453177,0.8554635667792267,0.7554070475851414,0.9424898444923503,0.39786415714237966
289,0.9963436040734575,0.9607000078168715,0.9624618280308023,0.7191588711000133,0.8698950653648069,0.98956208069196,0.9813724875384294,0.8544941204371259
290,0.5102406433656816,0.09607401958482739,0.001424033490221071,0.07045355912975874,0.19366408952628153,0.363331552604315,0.4563950121877139,0.18751986016490363
291,0.11595484471322628,0.49170548158192373,0.36798110608895995,0.2387673769276897,0.4588401085610511,0.9380785702736689,0.1439988564994768,0.997375044060954
292,0.8570020917821797,0.14117575033752383,0.999999994079122,1.465316238641159e-05,0.6493131580172278,0.005407032103576083,0.9703760885683199,0.00255159812672726
293,0.882822717413778,0.9871728018112415,0.3863182129376956,0.8595249727850908,0.9846891237192542,0.8824753612842349,0.0607223217364107,0.9424095440517735
294,0.6179190621731764,0.8069897066371223,0.7065469592008204,0.878998573810724,0.6611024708723734,0.8355897237480661,0.5002654808953294,0.9367576835409844
295,0.6324908420590915,0.6680141682544238,0.5958737130993831,0.8630321904227225,0.6801674829365161,0.6515231685186363,0.001955776841749359,0.6821340127813617
296,0.004058342982626579,0.03179998498284842,0.3075199038558242,0.5666374314020879,0.008261713151302318,1.4784488952682353e-05,0.4517640834584765,0.2047496600826691
297,0.9872212815253067,0.865928340540747,0.3911560979416437,0.5511349966244526,0.8994371641392006,0.8669123465975586,0.9965747502588668,0.9031067346067733
298,5.58854993043885e-20,0.000456793838178221,0.5148092861713575,0.11141340281462625,0.14932520152988688,0.6232199515234789,0.44890182003828183,0.6157009504721925
299,0.7644400622557815,7.77226122845024e-06,0.489684848354988,0.8638005018541529,0.7537783462384617,0.5386216642175058,0.8747749208428178,0.5317891507033866
300,0.2714597099642208,0.2636679634970844,0.0004082381920973396,0.045324510045320565,4.386221769319521e-10,0.6894357794781868,8.002895702437899e-05,0.23880706862230716
301,0.8018409065085303,0.9999510294103144,0.4747964220667274,0.7800155312653595,0.9628504827743964,0.7001449108042994,0.9968353607697605,0.7952917039967669
302,0.2971942892928478,0.05254933908843685,0.00021064615204178258,0.20285010714416435,1.9530952524342902e-17,0.2385482340403632,0.0010593690387704884,3.3252988196187235e-06
303,0.9998253400656072,0.9528319504528512,0.9996825330532061,0.9546742217281994,0.8680466658704027,0.6028531312464196,0.5466261451308683,0.7681945798235781
304,0.8322196783725915,0.4885723195378925,0.8502216530186449,0.6690286088408526,0.9727099257723338,0.7214504492621675,0.6424465962282171,0.4496310054156641
305,0.8198368733706218,0.22965986848652142,0.03276476470670398,0.37296037527521103,2.2252321131592623e-10,2.0587845195971967e-27,0.087274987266493,0.2740404229257118
306,0.0015078720056476464,0.587282794945937,0.7128119434611148,0.6434779092929782,0.9496180637611069,0.5429398088858085,0.9998881049475524,0.8833900456670337
307,0.33210145494724513,0.4967694935543025,0.9406237271826203,0.6702888800788771,0.3000933504882811,0.4302531340966037,0.2986338060054616,0.5695921701863378
308,0.9468441955648406,0.07300573931249726,0.9545670304844187,0.7572252517381036,0.16357473824052216,0.9998252633969678,0.6581327802473634,0.6719339233283983
309,0.4394717162509033,0.00011460996948345406,0.07385417125801085,0.04081033408885045,0.00909447652439403,0.04252081541867802,0.25368893973297346,0.5408074410714387
310,0.9731708847415314,0.5082203133082476,1.0540755832477948e-08,0.7370505624842139,0.847159126086387,0.9286733158746822,0.47464456991968473,1.0
311,0.6653865858362351,0.017507712282036996,0.030060024382202625,0.247454679850276,0.8899616106526168,0.0019309992133658305,0.47456551622508913,0.9632240633585335
312,0.866080658490864,0.9998751344455108,0.6796336870845272,0.8674263148668258,0.8821888223233509,0.9794525469160339,0.5491507528171438,0.501579580245709
313,0.3781630096753189,0.5017972853179347,0.11240756259624383,4.1142768306965764e-05,0.0948206578395487,0.731191605395405,0.0011308547161286253,0.8261755364717515
314,0.9642195473377527,0.9582819186861921,0.6945196787800269,0.5960414358723977,0.31531103701158447,0.6413394880710128,0.9919131096803869,0.7102276002670314
315,0.9346008489524978,0.6059347334522373,0.8322309221979987,0.9999236167647622,0.9636195498609496,0.6134396423377815,0.8802894253803956,0.9999654297002075
316,0.5097555352220533,0.5920335765279964,0.5707536202182004,0.647227759687261,0.9288519176412791,0.05764470089438949,0.5030604537109493,0.8954439017512038
317,0.9999565881454892,0.3637486147068917,0.21048516586974886,0.9703016714145029,0.671797289699088,0.7283654189525687,0.9888229939434438,0.5450088203869742
318,0.5945707460167203,0.5346066423788205,0.3657019206368119,0.6572227237398962,0.36624920667398,0.6448434535949337,0.4835243035537917,0.162692489933621
319,0.9113538177252711,0.97343547240119,0.45402130719584033,0.7399672869202877,0.9999204621132911,0.7125687273437957,0.9999999938926452,0.7983015212399627
320,0.9971317552348951,0.9999866336847884,0.432936825472351,0.9385551234056498,0.6496582612170044,0.640429660642013,0.9180388367315739,0.999985286639151
321,0.1397293099736558,0.5563420282137517,0.01627416345140231,0.4315055634240629,0.2173836380158311,0.6471786065273393,0.99632344160067,0.19059283442470087
322,0.1275895753556003,0.935265412492036,0.9754399132249034,0.594728373963098,0.4867861031120104,0.00012382812342603478,0.29123263658896686,0.46262667411792713
323,0.24135375361076103,0.25982842993553623,0.011578246470434745,0.32172106829278496,7.702885274757467e-06,0.048642517906149735,0.44757163477170064,4.334545616791372e-13
324,0.7117703983050518,0.3260837514508519,0.37494607063378377,0.44501213000895656,0.4842593500531873,0.894596048256934,0.8761459422806988,0.6487728992841474
325,3.0352841347161158e-06,0.5830962776616978,0.021023683756796852,0.011360591615304873,0.11214953606322335,0.3176108768699175,0.4541133594466496,0.5059802649059921
326,0.3724008708696731,0.5229570507061712,0.6394903241207082,0.004321488558611449,0.18125763749248555,0.12977536998848918,0.4294150233211971,0.8829602971329811
327,0.0001915812651227257,0.9999938395328307,0.42284533901460575,0.5105940150199626,0.001144341550483878,0.38513052186861774,0.9993914546448431,0.26684508858395545
328,0.9999987568930769,0.7350216307999304,0.2070930989144289,0.5077229810799512,0.06686516469618398,0.35800845685384886,0.4577704386792088,0.1474643596993045
329,0.11367603468882984,0.23062236565136798,0.13089342660667472,0.36109962117018773,4.31845384060782e-05,0.9301045383623512,0.6178939369833413,8.404109943495012e-14
330,0.966606942164119,0.6959613562931775,0.738782298921555,0.002688413916745955,0.9999632882081547,0.15780978170350565,0.12835248434663069,0.41840600600100414
331,0.4734745082644111,0.3156163144523756,0.4384040119718204,0.6333258359204987,3.726081065511443e-06,0.23411808364690878,0.3860161228643985,0.5828955092486807
332,0.9511201488879877,0.8593672374571237,0.45971091294964855,0.8828548294080262,0.9685953169529073,0.9959022680780404,0.5749839879275256,0.9871845077561286
333,5.130392279136288e-05,9.515439171596489e-05,0.2866663474427712,0.00026126221385388925,0.044246008731266474,0.11432271076243375,0.04079493451566552,0.042355091643007395
334,0.914667581313274,0.978289062407578,0.20761858611283848,0.6716561491997141,0.9984636604873016,0.684785773904012,0.9627928746050815,0.6813193593597522
335,0.6357548366895379,0.7215935274474962,0.807805739665689,0.9807321634051018,0.04017082392044642,0.677862699242997,0.6138597257818946,0.9865316256156831
336,0.9923362259501749,0.5610859506624337,0.5240870987046473,0.5244873355705736,0.9999543257015552,0.6437153406449045,0.9708529243506661,0.003594886262697401
337,0.050315408027629606,0.4040385532506722,0.03939355526948226,0.4096054356698432,0.27909499676004357,0.09987626208181924,0.01648963870357594,0.352138285289855
338,0.04096711916631094,0.33737730464517035,0.43750479843508866,0.7475235362100608,0.4643078126708904,0.43609283423743705,0.5302304057787997,0.8737463152052691
339,0.9999315174213176,0.9660341042427107,0.6062575425268762,0.8965694127928173,0.85736729338977,0.9392127309377749,0.7818212942033916,0.9995776357409416
340,0.1288949488526852,2.4360269437014545e-26,0.006417596765744887,0.008067452526067255,0.23862326458885877,4.2172426984653644e-05,0.12477492340602689,0.004167593333366138
341,0.6711923275880505,0.753479786567951,0.6179907417572117,0.5770635527305973,0.9150838317342388,0.5982679325015487,0.47326473018441334,0.9849024560521199
342,0.6915749790500466,0.788658707697663,0.9436969297331627,0.9998972880464692,0.3997177329033615,0.8002665150064328,0.8476542450178479,0.7649834107148351
343,0.8591106531584698,0.4964350399527664,0.3690873491495534,0.525219069126301,0.48781815323389155,0.9981807489057124,0.5954490105812361,0.012086498224481792
344,0.24057711133348333,0.2892428090000074,0.05217784086383232,0.34973623350361455,0.83070047285055,0.2691744728421084,0.08675580650628564,0.29726019402984183
345,0.6083582800557665,0.8848166347856661,0.9990123920752205,0.9928596555617226,0.4266126589746795,0.6280791255928173,0.6858528214322083,0.9253608422054405
346,0.24847998042676595,0.24069452884321327,0.8445720348319746,0.1495158898749928,0.7003480361077162,0.21114245739222343,0.5943153638832441,0.9219262973956914
347,0.6676386803322927,0.7144339386941312,0.23655354425368574,0.8906197164771572,0.09928090924213856,0.9999993146075382,0.864709413911817,0.9999999683041877
348,0.03461611624035068,0.32193561484859073,0.6624909488544902,0.10143077063016345,0.9405794944020789,0.7654216902901908,5.959787844698624e-06,0.23162962965496653
349,0.6037631180894896,0.28984860159801784,0.4568253023255006,0.5521812140862561,0.5140027061833116,0.600083233524058,0.8920021913762902,0.45950450841288293
350,0.9799847548900633,0.2918367080696975,0.5762814397603969,0.0009128999624928124,0.16264443100978712,0.5516463375742626,0.12094839829168583,0.32579614887374747
351,0.9303123440894218,0.558849871933641,0.9850207243847898,0.5946934546680991,0.0074508521679537915,0.9774008982960745,0.753402346920213,0.685916960806183
352,0.668453516471004,0.1928499391654871,0.6073137104424228,0.4133846417705423,0.5799104359647699,0.00033803276160545935,9.610854552315822e-05,0.35442505498842664
353,0.9995320315248745,0.9998564470069868,0.9765607170040481,0.9472255134746844,0.8323007900255972,0.33390063985236673,0.7246642266225201,0.8790038175144742
354,0.31007338243567845,0.4432082094510906,0.009090084662128706,0.34758677067331706,0.032504934620164724,0.5750938191665839,0.3668944623998153,0.3099503543865348
355,1.705153596140043e-07,0.4648711396810418,0.947306255471327,0.994375475822231,0.4600982616364575,0.9999903985485019,0.24887037761417807,0.03728947050250348
356,0.06613886211947069,0.277458609568242,0.5413234588682411,0.18622002593782142,0.4689648317428728,0.43869107633984444,0.7858548475833985,0.3718010415590106
357,0.6354621749607599,0.7671626374815956,0.506664910354817,0.8968285028159624,0.5380049462139074,0.1406049281181786,0.8905207869600008,0.1965138734842227
358,0.003731393469082773,0.2818798106988701,5.770760451518961e-05,0.3561432943393371,0.028736761267169526,0.0010925957841381897,0.4143339682938744,0.14604012178127926
359,0.9724302405415597,0.13856687910230447,0.22828960136306248,0.4176857343174547,0.4896870269862064,0.4776817073979416,0.9997505833175192,0.36813300700800083
360,0.1258286770340737,0.9059287925760392,0.40252011117659425,0.42749178919172043,0.00013496517205489027,0.6362386456570306,0.8597061269071402,0.4894842300483358
361,0.3077064258199003,0.6076152623888734,0.34270835672284755,0.5052366214968196,0.22868050576238239,0.4021665094375517,0.5323806006696662,0.8518545361782259
362,0.6015055747181031,0.46312351623447495,0.6850887011973762,0.9488604367563651,0.9981552223007056,0.9991612986996685,0.46145712163900615,0.6569945332777863
363,0.9564632435692237,0.012042915413227188,0.964117420284382,0.002136282491759782,0.04367811992367141,0.3710971985407157,0.8520213587209736,0.38487929421101985
364,0.5416283144296913,0.9908169131137615,0.08674011827781325,0.999966744353264,0.9365237170249909,0.9999999705229545,0.6484626093982452,0.1165448577024411
365,0.5128789697426395,0.4391018416325551,0.64457887563723,0.9784381301920129,0.8283470621649541,0.8554941068486809,0.8349293004422261,0.7938452395487077
366,0.9021413595615819,0.4605872524665946,0.9241684396123963,0.16848372564128652,0.4808984081225183,0.7509042926249042,0.6483343629040076,0.8292676457386543
367,0.9942516639336748,0.3909513807903579,0.16351818322953734,0.708776226582938,0.44660615127185366,0.6085561405492785,0.42829193314048397,0.812570662405536
368,0.1079209791571009,0.5094749102394048,0.0007069299877661378,0.507627727651374,0.0005849189764926619,0.41818770724378984,0.6245383052159605,0.9917082757619823
369,0.24479939216767008,0.46471981495681713,0.7531291785301936,0.4714884754876165,0.9740997262700589,0.001925273667125782,0.5177101286348124,0.31687993019661015
370,0.00232864883730662,0.11116144661624575,0.35485992313861603,0.49128417240689526,0.19533668771849755,0.2038390623658895,0.9792177390047044,0.46245009120955427
371,0.8288258179919935,0.3172868453380807,0.41375650570582395,0.8044380699562166,0.9998562255001445,0.2953494867463637,0.563377232887559,0.18792059193335242
372,0.3377933511751334,0.6723592851517198,0.9994382104856593,0.8950087738209563,0.9231714350467369,0.9998743334223569,0.9716836088827586,0.8314882699620058
373,0.49130344465654263,0.45027241701076165,0.1986118038674238,0.38612378254455354,0.28206326140204013,0.25251024067957495,0.6670328928874267,0.6372891533728557
374,0.7412021565644945,0.5765814752070092,0.5783466491971037,0.4519411651945268,0.6334954948702393,0.511803144258997,0.6952291796288089,0.8023162962156629
375,0.4725589716861238,0.28067671801956545,0.8912212179171543,0.48938521661650763,0.49205813303350976,0.6033897768527486,0.03191881363012486,0.8313088108386963
376,0.0030115210827233786,0.39407113114225534,0.021919821997976936,1.7615159573518333e-05,0.07671763987268851,0.06145615806706278,0.32302652124337283,0.04609934261702376
377,0.7947840809714211,0.621583092162604,0.9998886986790217,0.6520998626336889,0.7253460209714118,0.9999889702950119,0.9985185820782804,0.894589294436776
378,0.5254634451956909,0.6852240647181106,0.47052963308341045,0.582269964895745,0.39296590061011166,0.20188273747188942,0.5425796960026046,0.058577754011175404
379,0.49087900748125296,0.31268879366741287,0.49333302759022185,0.12807841073197995,0.017909318198359534,0.7851561975779178,0.4329122283759101,0.4770470222114325
380,0.534220388231486,0.41201818820693425,0.38494769061950185,0.22879917362154067,0.47698406993268494,0.00042718493410820197,0.21413729043113658,0.17675737128868868
381,0.11029348302625398,0.9210878334148257,0.24589315301242734,0.009875492003440503,0.6320977488256998,9.497764812862746e-09,0.8201956780849418,0.04466174017678739
382,0.981028829009855,0.6448721672543022,0.8902562550536609,0.9628029573600034,0.9999999602184597,0.999999999999615,0.9666309685760652,0.9998266727745362
383,0.9866061880956368,0.5942357340102201,0.43269658485114976,0.6330384867063614,0.6015244548808079,0.06388585340513686,0.79561109794215,0.7330001521107299
384,0.6533744453311898,0.9078776244162701,0.9820375905353241,0.8321836084465656,0.7946902152877052,0.9857263330238508,0.5800567372901805,0.782056803710743
385,0.514766069140707,0.5401759841787745,0.8805911549994859,0.715281067416851,0.9998944571267288,0.6175808948407796,0.9999780553571769,0.5381956413356315
386,0.2624002211765277,0.3851375331335233,0.8587905880833254,0.08373024900437093,0.8901168686907828,0.7181809938083932,0.3447018883295182,0.019094096892398424
387,0.5771973120575212,0.9999999998185329,0.785404664973889,0.8421741941995341,0.1936207534791835,0.9857912748227748,0.7190120686283831,0.7440951064584167
388,0.3256768688562366,0.8081338745648307,0.9679734127945012,0.7490740494922474,0.9993822161299951,0.49924437878795486,0.7171042501337918,0.2163697697726975
389,0.9113763046644713,0.5934450940736479,0.03966929540152667,0.19147896705561693,0.45569543229977005,0.027597720595282847,0.45140221924132895,0.9659407523842963
390,0.8241876423682963,0.6324024756217592,0.13834240376107249,0.5113408029147614,0.028338581990744252,0.3083912692114459,0.5314610789711651,0.07769425853532487
391,0.7144334190422913,0.9286801674199003,0.10538801357261722,0.5301557382621723,0.7664010861392756,0.9975972963865828,0.7868837879978217,0.5771672335903355
392,0.4517250283983605,0.6203754421636378,0.9559936643487339,0.995218347155037,0.015566243516738278,0.9651925536238555,0.7225575757329709,0.9754180566949792
393,0.9934548959475501,0.8239851218752492,0.268279144779288,0.27933768506126916,0.9999994004610093,0.9992822361071104,0.850939611690989,0.8963567993943004
394,0.00013744694310537559,0.13663963043707303,3.2964197991415503e-10,0.24187917545047827,0.006009383781956129,8.07829946898588e-07,0.16868369580104223,0.20424069392236804
395,0.07280482146370247,2.957373364146483e-07,0.03218282385841166,0.15071825043182893,0.4122826113675748,0.43282698139387565,0.0006923833655591005,0.0666013938306702
396,0.17321223921980794,4.404195354104264e-05,0.09970215045074936,0.04125921895207075,0.0007028003988348143,0.17136888603229852,0.0002151524890751773,2.0493283272114648e-20
397,0.8733733781310424,0.6942705986161908,0.8723628657834218,0.41728295660686193,0.9418479469415034,0.8669399890080617,0.4652093513040401,0.6976314932502207
398,0.9791647442938108,0.6365664226806204,0.7971760318648738,0.7240057317652515,0.08348886442943851,0.9581694608115199,0.4723992400727614,0.8085858889305023
399,0.9873492741567126,0.843293425765353,0.9140770127411683,0.5702536707999998,0.42600218270356777,0.8633985216355711,0.9862045290056302,0.7983531009998728
400,0.34694660912053965,0.338907567411192,0.3875302445635906,3.4448009583015923e-06,0.41824292865644663,0.3727222758513273,1.3709954432643108e-08,0.2136398672320205
401,0.003946274167431547,0.5454548490619395,0.47522578149050776,0.5656756812143875,0.4341164130949871,0.1632200152838856,0.641673443406142,0.5517387024777044
402,6.522424535883934e-05,0.5234479507354697,0.9930954433561324,0.9680586360067334,0.6126597624651317,0.9269077675190718,0.8005555527994188,0.6816785319034425
403,0.03725010141211884,0.4644085948807807,0.31375136005701953,0.09993375014367124,0.5930607427637749,0.5030720423441608,0.6024124392176824,0.10919946824942967
404,0.9756562033570083,0.7638476425044866,0.3289742871603864,0.5634890606798969,0.9714420750133496,0.9485894140870147,0.6789218118631025,0.7476262331883062
405,0.9904079783329806,0.011126250526297805,0.3382212607352424,0.7577357601362315,0.7549038710181319,0.46000284355034726,0.4386482323855805,0.8122927708178969
406,0.9271796792910324,0.848049171433365,0.4715481269928523,0.3928679048774314,0.40404619392335794,0.4793620501941966,0.9789574594487098,0.9999999980616119
407,0.9999999998110365,0.209166333527324,0.8524155550558213,0.8116773338139995,0.8037504225889066,0.7752274696703312,0.043626318994102894,0.7394593079226184
408,0.18636174722423413,0.19928734517738772,0.21241231106783015,0.5210086468456441,0.9999999730998134,0.3915573707616144,3.5616454753169854e-06,0.6545910843081997
409,0.4971697756462283,0.6328147132335179,0.01184761066384323,0.9748658670706492,0.6813721143822827,0.3199249827062669,0.75797953767858,0.5082986330667422
410,0.45646009286911293,0.3087124899691709,0.27794645787947725,0.20787004227287853,0.4355560141492108,0.8728852340165545,0.18515059053861163,8.6037142018781e-12
411,0.5481435378178193,5.3990897615395085e-06,0.9228501644773373,0.45927253114506117,1.3426398933699958e-07,0.6585817512452777,0.3303199757306864,0.5416312855166329
412,0.14086643338058585,0.3937391136540137,0.8907753464873976,0.5247126971556678,0.22474626495532035,0.2363841838735165,0.5669095822820468,0.2994797011551112
413,0.5436753163388371,0.9515774018285537,0.407224248174715,0.49409800809865095,0.004971652028925104,0.4546773207997821,0.0016618162921258816,0.04913409175470926
414,0.9915699715290248,0.4639530539736958,0.9323352198321576,0.3244705866109329,0.9999941309783115,0.833541792098811,0.8644614009609313,0.8755116774857331
415,0.8283401732432678,0.6837296029328632,0.9964328803395099,0.6910243084091354,0.020697510709942264,0.843228003084054,0.7602219032196557,0.9922639215163884
416,0.011707478318708777,0.6565311482171874,0.3439346364824303,0.07985888024600757,0.15112794159762474,0.9471093963784036,0.6021560226632402,0.3679203066697007
417,0.9823892806159084,0.3629272930869968,0.0026464477034143863,0.01529328252823471,0.06709103794653758,0.5890020902889997,0.40308903156436443,0.0029201157638435622
418,0.8942721914564408,0.5794548649068821,0.9876885976594288,0.7819727268098113,0.8313658957634829,0.7304957366540906,0.9213917167317313,0.9740002698579608
419,0.6078300618818934,0.6238823785673173,0.9705134246804932,0.24675521548747184,0.13486536543559416,0.9958980257029463,0.41535191099683977,0.9988940120517984
420,0.5075043087425105,0.3309098986104084,0.19812734160522816,0.6212418215604674,0.14801631667024365,0.42806809549394137,0.019746410846827208,0.011424830162758933
421,0.733396501339082,0.6192057802646904,0.9291416246926928,0.9893977039488121,0.4269186049798267,0.9107671111771259,0.8820173413934443,0.8476324054391936
422,0.9997844564310625,0.33575840798323514,0.9999999995441167,0.5080680911247323,0.7589034929053484,0.952246214292289,0.6721164902400243,0.8603666758428594
423,0.37276072290607665,0.40931672675460473,0.9978410146554949,0.5965531472856853,0.5796766564047431,0.4204706278843009,0.6993773598673176,0.6144292466726761
424,0.9831189563267109,0.7421636188726208,0.016299594594592372,0.6731748749873075,0.18069059985031585,0.2935158719882904,0.5126192602426634,0.48147393542172207
425,0.22719714673119726,6.736987913237779e-06,0.15418337076815786,0.03959793286050568,1.3987958359490068e-19,7.801493188810248e-05,0.006692801761291393,0.10543936016429577
426,0.004203649660213782,0.3502559519064124,0.9460286635947007,0.011753721959959478,0.0566134774303725,0.10559625966581719,0.8833516165714405,7.565595038580952e-07
427,0.6492344080985695,0.77523913339468,0.9989786593452974,0.22358467846756389,0.05055766579950324,0.9505964648731546,0.6360119112405449,0.0015870235754381003
428,0.023309835155542673,0.15336485164029443,0.08641413709254792,0.37634945874617326,0.23925752659665198,0.2389910193268192,0.0022445344446509487,0.00026392410714133824
429,0.9315550773208304,0.5241299771817728,0.7253970719799919,0.5904791851064539,0.73826178289019,0.7368397171672555,0.44818063157789945,0.5401360465811933
430,0.9999389811454237,0.2278477901986755,0.3433076238496037,0.350055698677057,1.0,0.5925123722398788,0.48295259572812616,0.1858960121989515
431,0.5468045203113723,0.53733465284902,0.5819798730218065,0.45557692732540633,0.45986757416594815,0.8444976098295183,0.965360572302853,0.011240699865645673
432,0.46229226177419697,0.6195251879311164,0.022152614623277302,0.2503615404540596,0.28687549695129355,0.21301891945253734,0.8575254478485143,0.29796252002126206
433,0.1662604909458988,0.6372493626425284,0.2961938906715584,0.03433061179967541,0.12928621229480977,0.02054550327958621,0.2465643624199898,0.3910613510597743
434,0.3619045461071977,0.2914911227359938,0.00780274106482942,0.09622515331602066,0.19372155522608678,0.03594868047288088,0.06239751494922846,0.37266329090735417
435,0.03048842550242446,0.5612515955349133,0.8660281805089817,0.21727296271112942,0.9999378224243924,0.7785528947429761,0.6898929765250291,0.9999999996230284
436,0.6299557297373714,0.7031832433899406,0.6025998979023854,0.06363228698927853,0.5370624111496464,0.4341332820586799,0.2356076254066561,0.9827995728068897
437,0.820504313745122,0.6831877571313107,0.5879270019280772,0.8725094770000495,0.9871980490906391,0.9999975094981566,0.9692454285752921,0.97947998335047
438,0.6283683373224933,0.6134005801388841,0.6657525803208006,0.5956419995664478,0.8441368810490135,0.5002884472724715,0.6610412330536634,0.6708292511075941
439,0.645362026415574,0.9893050107566116,0.13021465434060533,0.9994766531109499,0.978843999876875,0.8568920475737424,0.961064053242611,0.9992974660969541
440,0.9772095408771646,0.09789497123158321,0.9997758105066151,0.6689123897514118,0.28954017454150227,0.1772099280460431,9.904046742076071e-05,0.5637412830723195
441,0.001620088226109837,3.385497542085801e-09,0.0359501735057429,0.0856218420168266,0.006930085844634406,0.1459779850129576,4.231477358518664e-05,0.09323034864607738
442,0.5073132275080772,0.4783777807821153,1.4769916211032258e-06,0.02515235960574428,0.41883175881263757,0.3697884950475684,0.6729880962311748,0.3082425288834007
443,0.5485150730545904,0.690753987447821,0.9429607218317457,0.7188619479585233,0.9977363264347853,0.9968924558158653,0.8470003732031126,1.0
444,0.999999999773362,0.8863725537556919,0.9993217583043581,0.9946455353939007,0.8614418379280571,0.9296907009605818,0.9915148922128073,0.4696914052821744
445,0.5469037929172419,0.004698574304307638,0.9865079516504663,0.8261432921770111,0.8112226498861371,0.9781062168295905,0.9999999617238323,0.46573359781889195
446,0.6060631256479863,0.6468831834746208,0.4209335471076699,0.43223125991136924,0.00609544630064883,0.3473586504050345,0.42759744768301294,0.7231760306510036
447,0.6383654030057819,0.32235362633405606,0.8586217466594424,0.36771147199028936,0.9701538263113332,0.998346794281847,0.5486658375217411,0.40184092705399177
448,0.9856401359679017,0.9999738680254808,0.8579159447968869,0.6572930744061457,0.7956806350923129,0.42991785419067147,0.9856712526634516,0.9958765525892176
449,0.021471103213982486,0.855506415449433,0.17125873596882535,0.0023417858514381117,0.08671099688599715,0.11918344026679199,0.9407745033853144,0.49781080700361713
450,0.21157061055279827,0.39023359662526785,0.0002970074736109636,0.032052977702859,0.4523549390497993,0.0543669288264728,0.5175662768659605,0.09605685756953034
451,0.7149731579470389,0.34613076132128995,0.4822409637261693,0.11179666530691973,0.06613293574438206,0.40172156720994495,0.0060259829454404855,0.46969970701949737
452,0.5598288322642504,0.43334416654766245,0.42175516033392674,0.5728445218524411,0.07190197063938045,0.5618495139947541,0.0008002653809052491,0.7387979413144965
453,0.11476724568119805,0.12790460355024555,0.44884646524739014,0.07059842236551077,0.8495037527562355,2.971998555728131e-07,0.9987954134459669,0.7446097669975777
454,0.9981150765085339,0.843194938911391,0.9953049462994624,0.8512779135276582,0.6138119399042706,0.8658611038330953,0.9524955971589404,0.994216337117245
455,0.9715544058758421,0.8605990416285644,0.9999432384226152,0.9909348351612715,0.00017680103286456337,0.9642937261183367,0.9280931302830385,0.9995972193982084
456,0.00278231752877285,0.00012803740740254376,0.33923287359479415,0.2797851592902764,0.004425429907086602,0.26588540688114254,2.407149684240111e-31,0.11345226042890676
457,5.693944632792413e-15,3.2369845930771185e-08,0.0008626904163143664,0.16542877606322245,0.0008030076051800868,0.12047409429538673,2.4296742762470838e-05,0.5410840860067466
458,0.09056167002379477,0.15536248665100866,0.2739865217777652,0.08651344083182926,0.413967960739366,4.597617187671582e-06,0.15146629392431993,0.00040315859633122944
459,0.5768894903926408,0.9854447377353868,0.6063664402385337,0.8032860237716035,0.8427402305217779,0.8873994527194925,0.41138806444235654,0.1931755730140425
460,0.5251274252906267,0.522996994228217,0.8350901723652239,0.915390211331543,0.597760055053368,0.0012981925120556007,0.6230013070607944,0.10547252748896105
461,0.9534171411908247,0.5590926593426375,0.4485615330658639,0.4185920844442294,0.8486625899597502,0.22965712112258285,0.858076293765852,0.5787847310592054
462,0.727712255203737,0.9535159755183912,0.3597269151828286,0.3034499347760396,0.3946494562092465,0.21944280931399587,0.2918115626679733,0.332458550354155
463,0.9807978358070861,0.8728201453035742,0.16813443045377485,0.2159175702387605,0.9562197004757054,0.7299732199138345,0.4645263977296302,0.8291154076972
464,0.20704110728237846,0.06004347852353618,0.09563585684186751,1.0278980984589187e-05,0.49141523124417247,0.10903721142782515,0.00031085897085746865,1.2925888739783384e-14
465,0.00685411725048734,0.25131087951639786,0.1417895293792442,0.1984774236853706,0.11360662685035242,4.596919522941985e-05,0.6895138585838541,0.09827021659606171
466,0.9977567433324487,0.7847153592455828,0.9480440166698934,0.6747347470723523,0.9496873233683139,0.9779742560899217,0.9489815142202088,0.6696357056535437
467,0.08135461268978042,0.17151406101529404,0.5987313831233009,0.11770445915371607,0.9190968086026403,0.9713624173360512,9.332052437578558e-08,0.06031154547916485
468,0.8015878623072642,0.37029548402422474,0.004120520831416946,0.561160031666229,0.7488054909149412,0.9999997033742981,0.2571754589963245,0.9124810868897847
469,0.5927212649485802,0.8443474339644829,0.8173487532635775,0.9631561552438096,0.7480546249056713,0.464251376770084,0.6091590204631918,0.9763934069950639
470,0.9911194003270936,0.7809170738629676,0.4079457373341549,0.3809449135882929,0.6315615754933964,0.478132468689207,0.7867701879964871,0.0718263298971895
471,0.8307733059399532,0.8784328076040476,0.7325535942879652,0.8995618162450627,0.6682911017008263,0.9223810170278082,0.9807298147621499,0.9977174304804028
472,0.12768229436752204,0.013180012205696789,0.08681481097513066,0.32166792234261665,0.0003519161841927369,0.2896457506032572,0.6910861462033365,0.018880968894057975
473,0.9988533762302149,0.33691871651940175,0.6749872558070973,0.9255627105521221,0.5364061715445901,0.031126780400625616,0.7147044884228005,0.9983859911363344
474,0.0755988094879447,0.026575137270646417,0.0037036568741864303,1.99327073306729e-06,5.987082849461423e-18,0.01388754122422391,0.9622194644179741,0.2160743382696871
475,0.13637468967998478,0.095626775541423,0.08928604906153376,0.2151679565664454,0.022852809345045452,0.056136519596785714,0.0009118359783060254,0.05848028490847826
476,1.0299871492719098e-06,0.2900549063441882,2.117345226950656e-28,0.29799814599515667,0.2794204164666939,0.04241567761929565,0.3032381073521322,4.484781500428429e-07
477,0.0002286869599006723,0.015047366129391478,0.5195667364163067,0.06826280930461412,0.06761979971749546,9.591843782037515e-05,0.3285020622459976,9.065467821208896e-05
478,0.02676831992144158,0.4566072950984136,0.8412720170184473,0.548598785276352,0.8066038729311664,0.38722713669063863,0.8525037282056754,0.27949364541854116
479,0.5739979969697977,5.495231098154921e-05,0.9668770931507389,1.3473750850893862e-07,0.349038377085476,0.5504341292523668,0.5139074417958557,0.30304689565405235
480,0.45139992149267266,0.9080160176316111,0.6344265339742934,0.06839848754937124,0.9788310533805887,0.5645924626270825,0.5712675508910422,0.9997070996011204
481,0.9998254679541942,0.9677539457583625,0.991033898479644,0.6131493302546567,0.948313130253818,0.9999384293499941,0.472703350257457,0.9366763060233436
482,2.0385468941775042e-08,0.29014021750989055,0.2676459569194001,0.4502927542680606,9.349017127834556e-06,0.47479414287443084,0.5904723361750404,0.3048461563208201
483,0.14365140158555922,0.5900106262652554,0.8052304898648031,0.9901006708938117,0.5330915256405421,0.21446731358840468,0.9983419009738782,0.8221825185549898
484,0.9588038423141538,0.7514166135999087,0.9996776461410602,0.813764520042957,0.43555990868613365,0.587623350901946,0.9693107593319236,0.9898834510975181
485,0.0001209323289242717,0.739534267029736,0.24788488083964422,0.06490845158328772,0.7850185807505549,0.498340004689823,0.6066076925261786,0.865080284085566
486,0.0032646316256649635,0.493019357376691,0.9909508961352762,0.46230302173103427,0.9885174917937384,0.6536718370902929,0.009029241221556829,0.5274295740657795
487,0.9577594895963506,0.3163005970623892,0.5928943539643485,0.28405209370877066,0.952041182756098,0.6207920613830504,0.5801716334001029,0.2922642949272259
488,0.9284237353467832,0.9933565995208611,0.9955655661460069,0.6036490626028848,0.5489431133825733,0.6410335809483744,0.47834894388350363,0.919190912460211
489,0.22248265586768953,0.7882155775656147,0.9486696278565069,0.5268284483514913,0.542524961274954,0.4800907110483343,0.7030792924698567,0.06630030170824756
490,0.65301646301074,0.9534990136217537,0.6634432054174056,0.9999999987988595,0.9365223840170913,0.9633925092734259,0.6906838359241649,0.7672794249209953
491,0.3808347295278376,0.5200107661789157,0.9981218901333581,0.9999999983960959,0.11161934925299065,0.20640611216685925,0.8177529944752896,0.2567673123851985
492,0.3709199736607916,0.593826631006249,0.4005351341849778,0.5256710292602007,0.25335118395291767,0.9905352950865701,0.7507789546683987,0.9999999999998788
493,0.3572514996593169,4.386743788382573e-06,0.0004232127956677083,0.7787697326731827,0.21460928737613855,0.16079670900687218,0.012410549440178342,0.3493179651749515
494,0.9339215363103552,0.39321784862851267,0.48871279062038014,0.33039870266451804,0.7644662648660894,0.4189541533913672,0.8254342697034294,0.24938086257832032
495,0.45830187967138925,0.391251980148249,0.2094391716275112,0.27876926857153306,0.0038155730254664697,0.03371521068620536,0.29365033090311504,0.0011814386697328097
496,2.0258399769818813e-06,0.9932715018019732,0.3460729629296409,0.2583868525459037,0.0001848644296190349,0.020192447144986036,0.05792766679917805,0.600875728503236
497,0.008088027267902916,0.4738449844567383,0.38023700394931126,0.2501024730904152,0.28494648362757824,0.0005146236085079654,0.004682509878070808,0.0012477063013784616
498,0.014549080007147837,0.34399981501913907,0.2736470183636737,0.39333720328339866,2.0977935374386227e-07,0.4112377117253051,0.007855096385507163,0.042891357821440115
499,0.229824303970291,0.5762338492334255,0.2724085072839603,0.0032496847855916057,0.003626133703954275,0.2990988508048388,0.47517770209578747,0.3775987036765129
500,0.022971813475011052,0.275443644193065,0.6048718864223334,0.2326305067782467,0.9822508380472823,0.44226281767542047,0.13919670964860442,0.5403825096967794
501,0.34266683967313566,0.7537612610472207,0.5570100712478483,0.21383583192426547,0.6854036714313083,0.20317406100703028,0.4664046513304287,0.10720850269980411
502,0.035673593528610534,0.009435513330118089,0.00018435742996473594,0.052184611798193205,0.4587660243200004,0.004803663663448385,0.23189902066695153,0.030544550356385036
503,0.8935664065428508,0.6339399378327093,0.980513969508616,0.9940700595000973,0.8659989922065918,0.9364751958552534,0.8003324205559196,0.5760049868703336
504,0.6112547596040998,0.5878602863847108,0.9997883224759174,0.8511279713400027,0.5723792699177964,0.6388197030584254,0.9426744814075457,0.70603746413286
505,0.6622218238674776,0.6576704817209332,0.5871018458739646,0.7362317588049311,0.9349166346689604,0.9191187793942397,0.07746198780342388,0.5372026585814781
506,0.560583744385877,0.3969630833453259,0.407988209288585,0.3237034708222442,0.8212086477017002,0.9328625308733866,1.3703343387535773e-05,0.8921110673195285
507,0.38642719414681403,0.7474005083442555,0.2777196579321015,0.032360791706654436,0.30946053930971656,0.5915278558773935,0.6018670124282128,0.9396897404022992
508,0.6766339682436965,0.7831561535849287,0.8214969036717239,0.6153376848276734,0.8873765393528475,0.9581662290151071,0.037113375512574584,0.8112236514485445
509,0.7230212390656756,0.7868645039310979,0.9295387941804978,0.5677243201527389,0.92439756708525,0.7431905473121322,0.999327581430087,0.9646335392058139
510,0.12142884967870478,0.057602548014820856,0.9696281410404586,0.012357784103580181,0.09014725369794233,0.7502325559042453,0.7825612493662077,0.9999438701633061
511,0.8505552676212558,0.5047908828784162,0.966448876751189,0.544678045552058,0.8044875814923643,0.6538111900766528,0.7589438339205288,0.6734652257692901
512,0.8049774263960643,0.8369438718221615,0.9785276526376568,0.9988268393362597,0.987870491183845,0.8513868573805681,0.9143536823184617,0.9957797945026742
513,0.588549413267445,0.3913721801977772,0.17864449470343002,0.4185466002063121,0.5874338240610896,0.00016269450034542304,0.6780338958372635,0.707581804242928
514,0.6151410057477894,0.9999999334543384,0.3000339805531195,0.989679839217947,0.4203263400145617,0.6040568834638829,0.6951174322229196,0.5977118873241455
515,0.15993737068669897,0.0010250664260016032,0.016530323258554077,5.935490518128524e-05,0.2767464841371625,0.2956285492079668,0.08737232712410037,0.47775979780235317
516,0.0074045788832342845,0.004034859988325907,0.3210973129809893,0.006588980297979254,0.7326880768388829,0.999006957548853,0.17968727231608683,0.8070286978085923
517,0.0043865767556447634,0.4741991401018432,6.552989437946822e-05,0.46054598201742564,1.7327638630477647e-06,2.213656835222991e-05,1.4679544866371315e-07,0.4680627522673041
518,0.5899948136548481,0.27609443520345783,0.40835949244733083,0.10190154730777896,0.008620191002726178,0.39208966161446845,0.4362745956755011,0.049014150473230426
519,0.4158451662235777,0.5684102769857476,0.7228186122269702,0.9998530922844516,0.6638842226449079,0.9999367329139265,0.4496269622596138,0.41011227379500975
520,0.23272567504859154,0.044934812502941006,0.9999972901283873,0.14967673878510634,0.5105783447282046,0.4482841446522877,0.2950117341723946,0.17967343817353512
521,3.9938382171395946e-05,0.04899114426407005,0.44059811022843476,0.2788809721626406,0.7859943998723149,0.4346890473026812,0.6084508057232436,0.23827291570715578
522,0.5570277034919929,0.1837908746538156,0.8659567296342175,0.32473585724585885,0.05575234191099068,0.549367921124781,0.8190462606808838,0.0013501274575143602
523,0.37687471595205674,0.4869252831511094,0.1230382163285455,0.02829618720221667,0.43810486598122816,0.04362258281288751,0.0007823145920360236,0.5958766948198437
524,0.6947281476906856,0.0026029423898762086,0.00036879041448698285,0.10754896451294009,0.0006351677471686678,0.8137074028181481,0.4063272512260763,3.6702531814793594e-05
525,0.9141339355122204,0.9589126124533376,0.7081638990519722,0.47137239007573506,0.9977683221425464,0.9999094389608851,0.5974416330291517,0.7858491887811571
526,0.999986999236529,0.6439697143523045,0.6395059891933087,0.8083427365064837,0.926627328792761,0.9844889260162816,0.4204730566651739,0.4101349037036452
527,0.3230351340862654,0.36592973172752513,0.011187646005598222,0.5579372782227161,0.34831977377602086,0.22456235649784254,0.06718898549604709,0.00030614557774055035
528,0.4981649061119488,0.8138894454364575,0.5336733057135554,0.5857839147658896,0.04250092708878444,0.9532925001663275,0.007355546750095249,0.9163457449536344
529,0.3965867379715729,0.11953089202036102,4.7009936501464705e-05,0.003191217749866932,0.21712385891174793,5.109885300899602e-06,0.2668196374918705,0.014818300621163027
530,0.005233603714722958,0.182876955679255,2.806653570829468e-09,0.5518899976718435,0.5505755977641481,0.18869415423905747,0.4788391681369965,0.23115190643178915
531,0.24155120289658075,0.07565974758267892,0.5421436141640124,0.13981408860306255,0.6424899820957696,0.4745802627475059,0.5517484621673998,0.0540647186806654
532,0.9681150116867623,0.03038529137156538,0.0019842624085561096,0.7919821560505935,0.24774603270135107,0.9798266199615417,0.9925153024089043,0.5158869555103324
533,0.5396994930384557,0.014739083216911978,0.003818375779458099,0.3908994671152035,0.25389672254364315,0.17694791059206944,0.0801121529302319,0.35757530785413727
534,0.2862368311465435,0.3593101192552776,0.571685247102604,0.5470564514479556,0.5425217137532419,0.2948468548573955,0.8884947453121748,0.04456250715688459
535,0.7635313132940846,0.9916826174354428,0.9954367723811233,0.47021699864963845,0.523593346296762,0.8812031769880468,0.9999814695627297,0.6193740489766171
